lzc,entropy,std,spike_count
1783,0.3455216645764594,0.2458558555309605,4235
1834,0.4150649065507051,0.27692904453413875,5485
1829,0.35474821348109353,0.2500771681888835,4393
1866,0.3534135552541838,0.24946856452132685,4370
1515,0.2675078409675816,0.2086677983291745,2990
2036,0.3936878104758071,0.2675508899472126,5086
1716,0.41669597458954055,0.2776388223939379,5516
1738,0.4085515528033169,0.2740866703670288,5362
1516,0.2810709779623276,0.21534876369160494,3195
1478,0.2907368772882412,0.22004954018712733,3344
2461,0.40299160013615487,0.27165004251736663,5258
3320,0.8752438663524793,0.456096791962215,19341
2024,0.5042290457814558,0.31466997226531634,7303
3072,0.787094533031563,0.4241707398692267,15419
3187,0.8380343831400192,0.442720395717425,17539
2240,0.45403721384252727,0.29367973522110696,6248
2527,0.5474499194913724,0.3322867500863607,8283
2599,0.6999739209188336,0.3917350657415217,12405
2447,0.6534946881994402,0.3740146199549054,11021
1853,0.32110319332343185,0.23451831727328667,3828
2857,0.6325998981896193,0.3659430423608214,10439
2881,0.8781384995279125,0.4571315722009852,19493
3079,0.7527456628211407,0.41149557310800583,14154
2121,0.5480454430923648,0.3325267849073599,8297
3035,0.7878721619940842,0.4244560869440241,15449
3251,0.8272212515934072,0.4388064182380548,17060
2903,0.6440120493377478,0.37035995890515777,10754
2857,0.6968251750892261,0.3905443176750301,12307
2388,0.6525436056303224,0.3736486910643016,10994
2535,0.6387893713508369,0.3683411449960789,10609
2737,0.5427070918152737,0.33037255490098605,8172
2887,0.6326731350631654,0.3659714535626241,10441
3105,0.9257466624961388,0.4740362661124462,22346
3468,0.8579527138411134,0.44989825122239574,18471
2232,0.5724892263720133,0.34231975886602695,8884
3648,0.8467625431919104,0.4458707415596729,17939
3637,0.8757798864005001,0.45628847153300994,19369
2987,0.6629443426047202,0.3776429293456966,11292
3288,0.7735082144215787,0.4191739760437143,14905
2512,0.6395128226169359,0.3686210489568847,10629
2931,0.763554350897113,0.4154993310041011,14540
3088,0.607912423629172,0.3563159812508937,9780
3234,0.6891554317342294,0.38763812115324703,12071
3435,0.8346235735519959,0.44148713505917864,17386
2461,0.535803744592375,0.3275782650966149,8012
1516,0.29891721112260905,0.22399060807804339,3472
2450,0.5483004851737056,0.3326295619500658,8303
2628,0.5819949868942721,0.3460976668102845,9119
1274,0.22333066546594788,0.18612674088297212,2355
2338,0.5071017002167799,0.31585332896069285,7366
1359,0.33069750355253386,0.23900266588878494,3986
1305,0.2811363779888699,0.21538073449573342,3196
1409,0.2501813182286471,0.19997790499080575,2735
1161,0.20775451591688476,0.17784915547823085,2143
2982,0.7619488916602659,0.4149055344699052,14482
2652,0.5603735602306223,0.33748017309151496,8590
1916,0.44581063084278,0.2901789230875751,6083
2868,0.6349749696155429,0.3668639807207893,10504
2970,0.7226233502302672,0.40026068905113976,13130
1931,0.36338342825050945,0.2539986657720715,4543
2746,0.5765938753687239,0.3439531210463001,8985
2181,0.5055530451057757,0.31521560797435316,7332
2482,0.5575352627408441,0.3363423776984917,8522
1819,0.32967235049609445,0.2385253901369374,3969
2619,0.5786554973388987,0.3447723304257241,9036
2712,0.5718363090820706,0.3420596556720379,8868
3122,0.7291861215779408,0.40271832074995867,13347
1641,0.4101463598095737,0.2747838254382955,5392
3102,0.7311627745267697,0.40345744481443874,13413
3202,0.7513810320107106,0.4109890691052376,14106
1567,0.24762300069857218,0.19867911600874708,2698
2988,0.6945307355779562,0.38967577520473135,12236
2155,0.4975198518007455,0.3118989435441971,7157
1950,0.4228143883498694,0.28029427758270725,5633
1545,0.24533143380607125,0.19751216983628603,2665
2100,0.39417804183981026,0.2677675741647233,5095
2787,0.6952752234023108,0.38995767544397797,12259
2327,0.546811196787415,0.33202922483836383,8268
1303,0.2576516970686649,0.20374686161210248,2844
2251,0.5039547590135602,0.31455688623119354,7297
2365,0.5233077411020126,0.32249519920229675,7727
1763,0.3303358792308586,0.23883435670149142,3980
2215,0.4980278865344765,0.3121091305537215,7168
2062,0.5513102028305339,0.3338414480330309,8374
2078,0.5026273151793745,0.31400935330666707,7268
1688,0.3318412520514735,0.2395346339265751,4005
1623,0.3827500048832338,0.26269575875893164,4887
2249,0.5077382495224333,0.3161152985431553,7380
3472,0.7359765159852718,0.40525533308242856,13575
1893,0.3873350313931876,0.26473582151797126,4970
3512,0.7690675698610951,0.4175360946516785,14741
3422,0.7242960182047182,0.40088760393257905,13185
2399,0.4732088641715959,0.3017699719883383,6641
3458,0.7349410721507315,0.40486885466303313,13540
2375,0.5579117060949248,0.336493372874922,8531
2276,0.45611422231958615,0.2945607718867856,6290
2364,0.4605910335723994,0.29645594985498985,6381
2934,0.5746467796283536,0.3431787020790741,8937
3256,0.6967606951798598,0.3905199192688294,12305
2993,0.6776851817084597,0.3832763539567038,11725
1393,0.2728382203511346,0.21130564802792576,3070
2769,0.6046072519262056,0.35501937836616826,9694
2916,0.6190645581063433,0.36067729664760667,10074
1954,0.36503927644253376,0.2547474863636828,4572
2809,0.6392235608522376,0.36850914321220735,10621
2213,0.5555234975879944,0.3355349732332128,8474
2486,0.5619952476943378,0.33812956788788295,8629
1473,0.2570385670296002,0.20343882304576608,2835
2530,0.5245026934785223,0.32298269401156404,7754
3270,0.8226350090470159,0.4371425997419525,16862
3308,0.6897774945542431,0.387874138040888,12090
1917,0.39106680879419536,0.2663910684566777,5038
3224,0.6876789042372502,0.3870776935762543,12026
3293,0.697211869591766,0.3906906260557545,12319
3351,0.6747919602505008,0.3821731743419281,11639
3283,0.7163637244935601,0.39791132155564063,12926
2499,0.5716729649691088,0.34199457173194464,8864
2768,0.6012823690560631,0.35371315427240324,9608
3071,0.5945336404565851,0.3510559376372501,9435
3237,0.6670046984343606,0.3791978429316953,11410
3015,0.6262267690035568,0.3634673726223264,10266
2474,0.5025814902113926,0.31399044470877496,7267
1452,0.30805165502607557,0.2283527734415965,3617
2680,0.5492347049155812,0.3330059243733192,8325
2733,0.5635296406204263,0.3387435431916381,8666
1339,0.18930979936293352,0.16778313561010694,1900
2454,0.502764769644967,0.31406606782184304,7271
1760,0.41595988306455456,0.2773186024158179,5502
1518,0.3324423754694219,0.2398140023504514,4015
1325,0.18799401191390022,0.16705314948429154,1883
1717,0.3068625506647962,0.22778715884585524,3598
3102,0.762253879138066,0.4150183613607314,14493
3692,0.9038576677927309,0.46629027884900637,20940
1864,0.39986952832230094,0.2702775656997809,5200
3509,0.8309908546255813,0.4401722891213247,17225
3664,0.9053987019955494,0.4668370590211651,21033
2710,0.551775135046519,0.33402849729948403,8385
3579,0.829853548436686,0.4397603590187123,17175
2321,0.6165051915175934,0.3596782325007261,10006
2502,0.6021348047516382,0.35404822631162897,9630
2282,0.43262605090037093,0.2845298990884508,5823
2173,0.46181536764392644,0.29697334862740915,6406
3437,0.9145067691942141,0.4700642282144543,21600
2707,0.6113884519070969,0.35767760762513,9871
2006,0.5062367561078958,0.31549721953022924,7347
2677,0.621163303670985,0.36149574593120765,10130
2927,0.7036420780807157,0.39312051910005724,12520
2518,0.5755805811774211,0.3435501905085158,8960
2799,0.7036103052461584,0.39310852648463684,12519
2335,0.6170707874499763,0.3598991098645245,10021
2471,0.6243335081189737,0.36273065977917557,10215
2383,0.4767541229270338,0.30325591439376093,6715
2674,0.552788268728895,0.33443594926045683,8409
2977,0.841492660926481,0.4439695755268938,17696
2735,0.5553975343643551,0.33548439284293907,8471
1886,0.4488644887230294,0.2914805954090255,6144
2483,0.5259600037300449,0.32357681124570764,7787
2810,0.5918192637098216,0.3499849409350616,9366
2290,0.47436088138711485,0.30225316187308193,6665
2816,0.5821153286962146,0.3461453887420682,9122
2350,0.6029859434605296,0.35438266354807046,9652
2513,0.5951612048453566,0.35130336767926396,9451
2042,0.4178509649603203,0.27814094887502394,5538
2075,0.46435436693892873,0.29804509707329296,6458
2832,0.6499279335526134,0.37264159791560203,10920
2725,0.596844334311772,0.35196663489752356,9494
1559,0.34687328501881015,0.24647631314630888,4258
2776,0.6015537394303663,0.35381983707040754,9615
2925,0.6447999431845655,0.3706641471155958,10776
2085,0.46503619360733134,0.29833262633039215,6472
2237,0.4986738728212541,0.31237630631269864,7182
1790,0.4863775087044131,0.30727402301691903,6918
2481,0.5965315741236895,0.35184342366103566,9486
2111,0.4676591798799705,0.29943765390549815,6526
2852,0.589725445931774,0.34915790463832413,9313
2785,0.621387690519775,0.3615832072784762,10136
2657,0.5750935684111151,0.3433564653587961,8948
1672,0.34687328501881015,0.24647631314630888,4258
2727,0.5993012661868802,0.35293394484905016,9557
2757,0.5790588739566846,0.3449325256928146,9046
2171,0.45125717508262947,0.29249870740164735,6192
2483,0.5387473796724702,0.32877095536430223,8080
1781,0.4433971659968432,0.2891484302789401,6035
1872,0.4411766930233967,0.28819893988724293,5991
2237,0.45537321965503796,0.29424657900163276,6275
1702,0.34581574466838794,0.2459909133395951,4240
2997,0.6066464815291958,0.35581957847625456,9747
2493,0.5191737272924242,0.3208063305123718,7634
1625,0.3264653019688085,0.2370294222450071,3916
2575,0.5708146540831758,0.34165249874712533,8843
2800,0.6000790035290708,0.3532399263634406,9577
2038,0.41226654444486854,0.27570944113237633,5432
2460,0.5303548134834885,0.32536578328294946,7887
2164,0.5571585788748534,0.33619125860801935,8513
2106,0.5521974845775635,0.33419837808818176,8395
2064,0.3979239202815501,0.2694207047701034,5164
1988,0.43686492477121247,0.28635132391183377,5906
2845,0.5707328440421436,0.3416198868277932,8841
2737,0.5845967537633396,0.3471288216325222,9184
1927,0.3399075702140619,0.24327096542493545,4140
2752,0.5896066968426303,0.3491109766527942,9310
2996,0.6673472975678021,0.3793289294777416,11420
2152,0.380027473451805,0.26148103301833475,4838
2628,0.5776458189071503,0.3443712204384575,9011
2177,0.5275018183425523,0.32420489126482965,7822
2929,0.7746103258267909,0.4195801153707915,14946
2264,0.41041177116746486,0.274899771951059,5397
3045,0.7059556329003909,0.393993397907139,12593
2030,0.35861998666464384,0.2518388873614333,4460
2980,0.7932687059641867,0.42643441155443024,15659
1651,0.44168203163098385,0.28841514487274883,6001
2987,0.7699380936803852,0.4178573622077728,14773
3066,0.8058156897136629,0.431021267589691,16160
2110,0.4301101881081589,0.28344644912746697,5774
2995,0.7868609167955021,0.4240850019546359,15410
2117,0.5532941866084115,0.3346393389153471,8421
2076,0.5660093331593501,0.3397348259518142,8726
2341,0.48919361584786036,0.3084456640760237,6978
1816,0.41237236768888175,0.2757556048969892,5434
3571,0.9388706086993481,0.478659720766559,23297
2078,0.4172212312147089,0.2778672244638531,5526
2006,0.41369366927789536,0.27633171687961167,5459
2013,0.3896425520252138,0.26575987561152287,5012
2444,0.4689181980645343,0.2999674451568929,6552
1882,0.36315469234422004,0.25389514632888344,4539
2039,0.41062402024034805,0.2749924787222981,5401
1883,0.44971293697574866,0.291841793161757,6161
1906,0.416065091363473,0.27736438083477727,5504
1693,0.3322620998334398,0.23973023620495731,4012
1899,0.3323822894332844,0.23978608452434785,4014
2124,0.445760444297605,0.2901575106730521,6082
2440,0.5259158942091249,0.32355883523478607,7786
1253,0.24372874251444446,0.19669398726497825,2642
2548,0.555775343486443,0.3356360924164634,8480
2554,0.5683964095974198,0.3406879856775881,8784
2017,0.36126443361887206,0.2530389332592391,4506
2525,0.5478753542859957,0.33245823522073936,8293
1480,0.3492169709975624,0.24755048080182196,4298
1498,0.32749579727399475,0.2375105874115714,3933
1606,0.31661923136516956,0.23240876711820027,3755
1181,0.20498834165657814,0.1763585861617976,2106
3211,0.7709421813180515,0.41822780954414723,14810
2602,0.5912669299101743,0.3497668503021325,9352
1432,0.2703123677734755,0.2100576843213657,3032
2412,0.5208662881174827,0.321498234613475,7672
2621,0.578372965583686,0.3446601092421205,9029
1632,0.24022873349827956,0.19490130054084978,2592
2434,0.5397397636114608,0.32917264706920857,8103
1982,0.46659187911284183,0.29898822459983887,6504
2297,0.4707537645943718,0.3007391352089222,6590
1231,0.17757736206088842,0.16121363780147455,1750
1703,0.280154616074919,0.21490055926219184,3181
1797,0.280154616074919,0.21490055926219184,3181
2281,0.5338913330730621,0.3268024493897254,7968
1496,0.29047943149635447,0.2199249643410336,3340
2472,0.5939839492739586,0.35083915384136954,9421
2683,0.6659411558381179,0.3787907957260818,11379
2057,0.4470139125261594,0.2906921075788908,6107
2219,0.49478779389579114,0.3107676036494001,7098
1520,0.3164959194133812,0.23235062651136096,3753
2132,0.5030853775602279,0.31419833594287283,7278
2182,0.42541117988812427,0.28141799146564417,5683
1855,0.363269070714752,0.25394691315903284,4541
2805,0.7490678220025941,0.4101299592515695,14025
3130,0.8936456432342732,0.4626612796783013,20343
1833,0.4893340867528171,0.30850405800511355,6981
3060,0.8780628015057896,0.457104521923923,19489
3128,0.8893113767361536,0.46111804625673875,20099
2890,0.6279656825145068,0.36414351184879595,10313
3154,0.8863817947436989,0.46007393883450703,19937
2138,0.6151831945041798,0.3591617565102783,9971
2300,0.633624302088735,0.36634036733320774,10467
2321,0.4758457700951583,0.30287548591143415,6696
2711,0.5971959820986479,0.3521051454168367,9503
3040,0.8516163822624696,0.4476192814335815,18167
2317,0.5418914678025283,0.330042915822341,8153
1305,0.25114632355771416,0.20046672972313775,2749
2681,0.6376297888372141,0.36789232915018605,10577
2599,0.6047614168033753,0.3550798980009761,9698
2065,0.4507594468206555,0.292287044538165,6182
2449,0.5682731793515977,0.3406388061108604,8781
1748,0.3980321666027552,0.26946840901271957,5166
2127,0.5178788663884999,0.32027658655165725,7605
1840,0.361436510817405,0.2531169318860426,4509
1817,0.3329828871257215,0.24006507304271857,4024
2537,0.6603118515149154,0.3766335036580366,11216
2810,0.5988730509858976,0.35276542935592176,9546
1735,0.36486818410330324,0.25467015992488823,4569
3200,0.6830229921498064,0.3853084851296136,11885
3115,0.6506007860883601,0.3729007616424613,10939
1493,0.20152866736883546,0.17448514363503972,2060
2620,0.5595818833696904,0.3371629676647934,8571
2124,0.49111063956580175,0.3092421735267905,7019
1924,0.42067704712285825,0.2793679047009961,5592
1266,0.16959553297408153,0.1566624413373459,1650
2010,0.36691822382357453,0.25559599211005335,4605
3084,0.7214334345536064,0.3998144863136382,13091
2339,0.49362649532121977,0.31028619019819204,7073
1545,0.32208161053672746,0.2349774485658659,3844
2513,0.548087957698635,0.3325439183707269,8298
2526,0.5317544344662819,0.32593467183534225,7919
2061,0.4038501599967491,0.27202693151095114,5274
2398,0.49996382242670057,0.31290953593308385,7210
2235,0.5565302373730109,0.3359391176384414,8498
2078,0.4958079382334749,0.3111902446146943,7120
2222,0.41559151639667924,0.277158291942606,5495
1815,0.40100171184660227,0.27077563442825503,5221
2901,0.601824978328684,0.3539264554767324,9622
3058,0.7901178049421209,0.4252797244053917,15536
1515,0.33675330450614743,0.24181308520601336,4087
3038,0.7845164236674087,0.4232242166729026,15320
3134,0.7893708219106828,0.4250058166613381,15507
2507,0.539179052709605,0.32894571021173413,8090
2942,0.7318196596800182,0.4037029605030323,13435
2142,0.5351524684007283,0.3273141437738132,7997
2058,0.537883100981305,0.3284209540234567,8060
2610,0.5489800632485828,0.3329033558448332,8319
1746,0.3776844906453779,0.2604336216493386,4796
2970,0.7081947403141583,0.3948374966547761,12664
2945,0.6611099663728113,0.3769396494769303,11239
1583,0.30012203560247264,0.22456826735693458,3491
2917,0.615863476510578,0.3594275645370309,9989
2942,0.6056855114119049,0.35544257932258116,9722
2034,0.3720706653602553,0.2579162562268945,4696
2689,0.6296990001696383,0.3648169881411605,10360
2243,0.5556914067839899,0.3356023921824425,8478
2385,0.5197087283811199,0.32102510079235663,7646
1580,0.2658991559237626,0.20786851821661573,2966
2787,0.5884575091770616,0.34865670396113746,9281
3192,0.8300813568002352,0.4398428817722668,17185
3075,0.7681950730428483,0.41721400825661986,14709
1732,0.35867759342167804,0.25186505691408473,4461
3210,0.7905035624631387,0.4254211510174058,15551
3158,0.7925283339283985,0.42616319477077086,15630
2547,0.5498708321496935,0.3332620975501398,8340
3049,0.7589698573707687,0.41380287946031696,14375
2221,0.5505062788878414,0.3335179168883126,8355
2264,0.57383355196667,0.3428550494679403,8917
2199,0.4595116438710155,0.2959994841513285,6359
2075,0.425307512379109,0.2813731687942213,5681
2868,0.7523481181315803,0.41134804191080426,14140
2462,0.5316233577186638,0.32588141180029206,7916
1861,0.36663389566389815,0.25546767558300626,4600
2810,0.6140854094683359,0.3587326536549764,9942
2741,0.5996124904592173,0.35305640093145,9565
2288,0.46357422884454624,0.2977159644850756,6442
2537,0.5664628051872816,0.3399159800706133,8737
1976,0.47484026311095495,0.3024541322994894,6675
2092,0.4986738728212541,0.31237630631269864,7182
2355,0.4651335369982659,0.2983736668345397,6474
1803,0.3798604057629809,0.2614064092052759,4835
3543,0.8743797529094381,0.4557877275897849,19296
2928,0.6808948527828591,0.38449878171476565,11821
1482,0.2771336431844649,0.21341975484526368,3135
2706,0.5769582266425387,0.344097957011914,8994
2927,0.631243204613906,0.36541657696993424,10402
2093,0.372183433455716,0.25796693272993176,4698
2790,0.64084860181689,0.369137646647957,10666
1979,0.500515834079469,0.31313760649979,7222
2658,0.7340515510669736,0.4045367324132709,13510
2506,0.5103683758273696,0.3171967636010001,7438
2916,0.7097650559253705,0.39542907001635946,12714
2321,0.48703574234784386,0.30754804893881643,6932
3247,0.7990857638610067,0.42856318131469245,15889
2325,0.6399464186498862,0.36878876814422884,10641
3313,0.7966695930469238,0.42767944130152574,15793
3405,0.8202455379758722,0.4362748396122252,16760
2340,0.5728561697957198,0.3424659036144872,8893
3340,0.8548038159953968,0.44876620650538496,18319
2579,0.6741166838371402,0.3819155180239968,11619
2635,0.7281041467187648,0.40231352728458375,13311
2447,0.5669159254466832,0.3400969548602368,8748
2886,0.5944551458673657,0.3510249846797415,9433
2802,0.6403796590336037,0.3689563202187709,10653
2907,0.6849105626608999,0.3860261173960885,11942
1645,0.34121219445325235,0.2438727759674614,4162
2947,0.6931682153267278,0.3891596572757906,12194
3018,0.736596579342855,0.40548670569116013,13596
2144,0.46073807962379054,0.29651811128852323,6384
3069,0.7594725713688648,0.41398902878887406,14393
2132,0.5568235466856922,0.33605682636586,8505
2417,0.5931584093967452,0.35051348264259974,9400
1825,0.3323221975550773,0.23975816247634157,4013
2379,0.46014968897073083,0.29626934486316403,6372
3480,0.9218797256230264,0.4726710334448119,22083
3346,0.8224249100606118,0.43706632491413416,16853
1826,0.3992216563287868,0.26999237172291496,5188
3312,0.775066357834906,0.4197481258914344,14963
3598,0.8553035673173072,0.44894593677786027,18343
2133,0.47875738656153727,0.30409419196904475,6757
3026,0.7033560443071313,0.3930125510597692,12511
2585,0.6618029626453182,0.3772053958424012,11259
2180,0.4742649609360877,0.3022129425054257,6663
2436,0.44213649110170505,0.28860952190422073,6010
2317,0.43747543049058524,0.28661324166975116,5918
3112,0.6973728987604004,0.3907515463889965,12324
2399,0.5688069890146114,0.3408518219184636,8794
1522,0.39515736675352975,0.26820020645666565,5113
2464,0.5638608738331906,0.3388760246751568,8674
2474,0.565060026012445,0.3393554684069517,8703
1455,0.2758153220513283,0.2127719901853136,3115
2377,0.5637366833241266,0.33882635534295813,8671
2127,0.6017474949118897,0.3538959996421107,9620
2213,0.5726115666352221,0.3423684868342547,8887
1610,0.2947770886125862,0.2220001755583975,3407
2632,0.5689711398113301,0.3409173152461655,8798
1063,0.14043526662040026,0.13938539497112068,1299
3971,0.7617824353478839,0.41484395097199656,14476
2784,0.517521179119683,0.32013018838003987,7597
3618,0.6875803077985754,0.3870402595720151,12023
3315,0.6727294860154035,0.3813860149848834,11578
3619,0.704752758919234,0.3935396576725772,12555
3702,0.7852213637476195,0.4234831035763509,15347
3266,0.7160855387291528,0.3978067924275671,12917
3524,0.7117672253856868,0.3961828511089915,12778
3125,0.5608730179734837,0.3376802315882891,8602
3647,0.7599746503546949,0.41417491231507936,14411
4126,0.9916124099579802,0.49709025401077167,29238
2718,0.5900815444389543,0.3492986147719271,9322
2026,0.45502711979233934,0.2940997798266263,6268
2572,0.5278536828905647,0.32434815817368884,7830
2907,0.6846791507799906,0.38593816456708563,11935
2177,0.4411766930233967,0.28819893988724293,5991
2640,0.5392653500546574,0.3289806415488242,8092
2048,0.4975660540326938,0.311918061039089,7158
2451,0.5144723484462512,0.3188812035938644,7529
2093,0.4253593482546628,0.2813955814360986,5682
2361,0.4387454274648746,0.2871577613793439,5943
2722,0.5637780830860057,0.338842913283135,8672
2445,0.5648121270488728,0.339256376097081,8697
1736,0.36349776495998165,0.2540504041766878,4545
2320,0.5269296021489043,0.3239718493133469,7809
2596,0.600506299961835,0.35340799094643366,9588
1599,0.27004585134967457,0.20992579498719707,3028
2147,0.45921694306049776,0.29587480518342607,6353
2035,0.5266212617606186,0.3238462453979033,7802
2015,0.4732088641715959,0.3017699719883383,6641
1854,0.36663389566389815,0.25546767558300626,4600
2145,0.4513069263056292,0.2925198608867018,6193
1893,0.43108691410046523,0.283867286995366,5793
2814,0.6082188844799964,0.35643611007725784,9788
3182,0.6522614667084324,0.37354011158367717,10986
3341,0.8390520011398005,0.44308810374325586,17585
3300,0.9066317599134812,0.4672744056158565,21108
3306,0.7268384429550149,0.40183980379361117,13269
3154,0.7072184404893193,0.39446953459581724,12633
2277,0.5185043149285401,0.32053251059446436,7619
3080,0.6203022964482193,0.361160066222502,10107
3976,0.830650118229298,0.4400488894686395,17210
2599,0.4725839681692989,0.3015077350974073,6628
2754,0.5800660809100358,0.34533239377172503,9071
3525,0.8955168209917913,0.46332696778351634,20450
1949,0.4446050513899285,0.2896643664294431,6059
3566,0.8618754879834152,0.4513071069611611,18663
3565,0.8734930526885041,0.455470508446088,19250
3025,0.6906927498656967,0.3882212962428874,12118
3440,0.8460742895015931,0.44562260988537145,17907
2443,0.6549706718152133,0.37458223147847036,11063
2389,0.5758239338478869,0.34364697554336726,8966
2731,0.6194774496190524,0.3608383696813763,10085
2169,0.4743129230002585,0.3022330532434569,6664
3241,0.9014283108822012,0.4654278588969415,20795
3097,0.755714873752475,0.4125968501404782,14259
1749,0.3550379801160403,0.2502092123079041,4398
3233,0.7341405862545356,0.40456998021521995,13513
3281,0.7307741457337039,0.40331216577610346,13400
2303,0.42395828842129457,0.2807895211261708,5655
2957,0.7169195805891526,0.3981201553648817,12944
2460,0.6321969159964744,0.3657866957942276,10428
2698,0.638282366315392,0.3681449350781563,10595
1860,0.3206746445019004,0.23431708444842347,3821
2969,0.6405961459579501,0.3690400336598807,10659
2865,0.6311697718075067,0.3653880729202822,10400
2881,0.6211258968675054,0.3614811647282712,10129
1834,0.44831488411382864,0.29124651740449364,6133
2996,0.6397296651097789,0.368704929453905,10635
3038,0.6777522643301213,0.3833019180645455,11727
2560,0.5177000489632331,0.32020340164964023,7601
2708,0.5833573844802623,0.3466377766890663,9153
2104,0.5564883241393502,0.33592229596652406,8497
2432,0.717906074247059,0.39849067781904923,12976
2289,0.44806490548390887,0.2911400241078899,6128
2497,0.6077974571618444,0.3562709117150789,9777
2180,0.5527039070512747,0.334402029210089,8407
2162,0.512671790997687,0.31814263541252585,7489
1368,0.2501123263759433,0.19994293447441291,2734
2415,0.5669159254466832,0.3400969548602368,8748
2697,0.6745557182112438,0.38208304212109123,11632
1899,0.4151702635369891,0.276974915920326,5487
2239,0.5502521817852262,0.33341563156153003,8349
1923,0.4502114915831328,0.2920539461324215,6171
1987,0.4580367573094865,0.2953752792672027,6329
2085,0.43864392152670084,0.2871142564572675,5941
1782,0.3396700710583545,0.24316133551236646,4136
2740,0.6549706718152133,0.37458223147847036,11063
3211,0.7766714815140965,0.42033928790000724,15023
2184,0.5858334441406975,0.34761852926380477,9215
3309,0.7763510049233389,0.42022128160072186,15011
3542,0.8501354709324594,0.4470860563795781,18097
2711,0.6154100488539285,0.35925040436977357,9977
3094,0.767648759264431,0.4170122876001948,14689
2525,0.6474058513782746,0.3716695431208434,10849
2623,0.6166937883718356,0.35975188953664833,10011
2593,0.5879813038352366,0.34846839146409186,9269
2428,0.4432964045354633,0.2891053730996111,6033
3164,0.7535395860404233,0.41179014447399787,14182
2509,0.5409456701490467,0.32966049814554,8131
1394,0.27719948165752545,0.21345208002338276,3136
2777,0.6430075608807879,0.3699720080341205,10726
2629,0.6013986867492352,0.35375888335997907,9611
2104,0.3883799530871704,0.2651997657234256,4989
2620,0.5888540429872002,0.3488134799581717,9291
1422,0.3110453757065911,0.2297738634431882,3665
1345,0.287640166086946,0.2185488184463863,3296
1989,0.37578139491862883,0.2595814629306094,4762
1072,0.17160351516889005,0.15781392905914898,1675
3304,0.8233808748935469,0.43741334222966166,16894
2865,0.6294043616661045,0.36470254129936974,10352
1678,0.3343021523162553,0.24067736890265876,4046
2763,0.5869879294922808,0.3480754371765669,9244
2913,0.6217988262211226,0.3617434379806764,10147
2181,0.4009478442180593,0.2707519462454737,5220
2897,0.6716440982854621,0.38097151914778743,11546
2033,0.5046402469752533,0.3148394752382624,7312
3028,0.8159363144179108,0.4347083386880886,16578
2205,0.4234905789493303,0.2805870756906618,5646
2989,0.6985628063803229,0.3912015995576661,12361
2340,0.4650848671895881,0.29835314767833404,6473
3613,0.9587215523644476,0.48562429021747555,24967
1552,0.32561536169522254,0.2366322204234581,3902
3668,0.9667020880433983,0.4884146639234295,25755
3549,0.8778166052760024,0.4570165411709683,19476
2971,0.682624673107864,0.3851569840069251,11873
3395,0.8467625431919104,0.4458707415596729,17939
2048,0.5646881381712676,0.339206809820363,8694
2455,0.635339427979715,0.36700522052996126,10514
2911,0.6696707889824141,0.38021749546386147,11488
2304,0.5131224272060062,0.3183275478198227,7499
3103,0.9074489900075751,0.4675641866070831,21158
3055,0.7667182522316756,0.4166686253886576,14655
2455,0.551775135046519,0.33402849729948403,8385
2919,0.8180982595698998,0.4354945071667098,16669
2973,0.8521643417569262,0.44781652587801646,18193
2953,0.596844334311772,0.35196663489752356,9494
2769,0.6793595064926903,0.38391421821700766,11775
2411,0.609710460062919,0.35702056157945444,9827
2363,0.5713461388722776,0.3418643339888801,8856
2825,0.6237009468701362,0.3624843848396299,10198
2377,0.4517047948163623,0.2926890050919163,6201
3100,0.635594400439175,0.36710401832662926,10521
3052,0.7885447496987168,0.4247028335601551,15475
2078,0.5531255953344809,0.33457156723631176,8417
2928,0.7722678735129802,0.4187167259307851,14859
2773,0.8481124881762481,0.44635728673519554,18002
2745,0.6358856479890971,0.36721685950357297,10529
3001,0.7330411938070225,0.4041593704802219,13476
2117,0.6041830786009666,0.3548528420190769,9683
2198,0.6899737679447617,0.387948594846859,12096
2506,0.5756211470692633,0.343566324935281,8961
2615,0.6315735277441282,0.365544786159383,10411
2727,0.7274114772379693,0.4020543029497491,13288
3170,0.6851748981363365,0.3861265742039691,11950
2315,0.4629396523734427,0.2974481285421954,6429
3104,0.6649441922478592,0.3784090779398327,11350
3440,0.7878721619940842,0.4244560869440241,15449
2487,0.42908042483508224,0.2830024649626228,5754
3016,0.6336973986581076,0.36636871213470656,10469
2626,0.5799453091070055,0.3452844563053164,9068
2461,0.5432645100827541,0.3305977615603595,8185
2225,0.39319719902122424,0.26733395955333855,5077
2580,0.4785668761703694,0.30401451379998173,6753
3567,0.7964422103964963,0.4275962397513975,15784
2355,0.5410317135191914,0.3296952958422577,8133
1574,0.43318946450630647,0.284772286186749,5834
2567,0.5720812391313777,0.3421572379552563,8874
2645,0.6210884874933735,0.3614665822930157,10128
1686,0.34304589193331136,0.24471748817392178,4193
2116,0.46668898152449856,0.29902912529407705,6506
2170,0.5965706786416491,0.3518588297411044,9487
2208,0.5877430518149334,0.34837416095360135,9263
1807,0.35660040563540824,0.25092064897028193,4425
2698,0.5813125730886977,0.3458270036870263,9102
2008,0.38374717760900795,0.2631400427056436,4905
2497,0.5805086940223363,0.3455080556895606,9082
1491,0.31445766969518,0.23138861625706716,3720
2479,0.5693403100587041,0.3410645893153995,8807
2693,0.6953722443259003,0.3899944067345316,12262
2105,0.4561635915056865,0.2945816998411029,6291
2581,0.6383185970644571,0.368158957650894,10596
2005,0.5136177441826192,0.3185307430598064,7510
1950,0.5001018716256164,0.31296657919964094,7213
1736,0.3567737679879056,0.25099953127006064,4428
1943,0.38252819696055873,0.26259688790089425,4883
2072,0.45502711979233934,0.2940997798266263,6268
2837,0.587464965189335,0.3482641627149096,9256
1760,0.4503111552289015,0.2920963486706293,6173
2872,0.6157879312455506,0.35939805038532385,9987
2980,0.645193446244902,0.370816033684844,10787
2054,0.4007862138361822,0.27068086409794073,5217
2963,0.6262267690035568,0.3634673726223264,10266
2096,0.5346744175702395,0.3271202174868586,7986
2539,0.6321969159964744,0.3657866957942276,10428
1788,0.3724652653783675,0.2580935646679256,4703
2897,0.649963368604151,0.3726552482282621,10921
2965,0.6488637563836809,0.37223156491001796,10890
2400,0.5085103166189764,0.316432919011169,7397
1776,0.40288419828519906,0.27160287919007203,5256
2532,0.5342394963164042,0.3269437462704627,7976
2586,0.5516483714951681,0.3339775026183206,8382
1875,0.3426323036983493,0.2445270817526318,4186
2661,0.5884971749885566,0.34867238773792886,9282
1991,0.5309238007321848,0.32559710244919565,7900
1973,0.48321771501881094,0.30595715055819517,6851
1651,0.3079265958553315,0.22829331839275085,3615
1823,0.38069530230178106,0.26177923549773163,4850
2819,0.5540943400823578,0.3349609152568665,8440
3038,0.7305647395379291,0.4032338765029813,13393
1517,0.3129089956339987,0.2306564176158234,3695
2856,0.6612486412367549,0.37699283349941626,11243
3092,0.7258413875884109,0.40146648264675466,13236
2134,0.4609340875421166,0.2966009619445629,6388
3046,0.7000059424094089,0.3917471681575722,12406
2114,0.5572841669004029,0.3362416454167141,8516
2368,0.5576189375969033,0.3363759428848865,8524
2006,0.40625863975347726,0.2730829729216123,5319
2353,0.4779949959777577,0.3037752803187825,6741
2511,0.6359948247139593,0.367259155545912,10532
3005,0.7172589323557339,0.3982476288670218,12955
1927,0.5410747305687732,0.32971269225417454,8134
3512,0.8099209751969497,0.43251823516396565,16328
3447,0.8068222686275857,0.43138848331330765,16201
2425,0.5919769746145349,0.3500472036423239,9370
3069,0.728404964851357,0.40242608597079116,13321
2588,0.6473346296003051,0.37164207874354177,10847
2488,0.6489702722058617,0.37227261386357213,10893
2430,0.5930403767552939,0.3504669095647731,9397
2352,0.47880500507703994,0.30411410633546704,6758
2662,0.5474499194913724,0.3322867500863607,8283
2581,0.6333683852441139,0.3662411232269668,10460
1585,0.33860019883104464,0.242667198029362,4118
2986,0.7488959525777121,0.41006610169184043,14019
2974,0.7395369196434034,0.4065832092030601,13696
2281,0.49954948952949885,0.31273830350301934,7201
2822,0.6596515945083601,0.37638016594481816,11197
1976,0.5279855794027336,0.32440185510988856,7833
2190,0.5099609908643681,0.31702935380812775,7429
2294,0.4857656674087396,0.3070192182861255,6905
2212,0.44374970458682084,0.2892990545895868,6042
2536,0.47861450921848697,0.30403443644856737,6754
2605,0.5493619848522995,0.33305718735494955,8328
1928,0.4151175872335022,0.27695198159728335,5486
2904,0.6343548175141653,0.3666236024220714,10487
3286,0.7332196647588309,0.4042260377442236,13482
2238,0.4606890680944687,0.29649739304398287,6383
2647,0.586072494780315,0.3477131573976275,9221
2262,0.5792604563780268,0.3450125701265762,9051
2265,0.5421062135398048,0.33012971954473014,8158
1969,0.36924487773834347,0.25664491221651525,4646
2148,0.49330094125320045,0.31015117644717305,7066
3079,0.6215746089054898,0.361656057873078,10141
2552,0.6219482530902669,0.3618016667909504,10151
1617,0.3441671043784516,0.24523332587701605,4212
2454,0.5725300093258788,0.3423360029728837,8885
2636,0.6600686984494674,0.3765402145117814,11209
1696,0.2821817950900423,0.21589147680417833,3212
2517,0.5911485026742126,0.3497200819236547,9349
1920,0.4838792970791702,0.3062330680267043,6865
1921,0.4517545107295505,0.2927101376657205,6202
1611,0.24838479160539956,0.19906629486056165,2709
1960,0.37353507800658325,0.25857399514968993,4722
1955,0.32140911637050495,0.23466191958688418,3833
2792,0.6381374185329225,0.3680888331198268,10591
1217,0.24261112023600367,0.19612243326679313,2626
2346,0.4807542425351508,0.30492881814827805,6799
2869,0.6683053337332755,0.3796954048181586,11448
1982,0.4463624196836333,0.29041430253643985,6094
2526,0.5741589800728606,0.3429845797458119,8925
1778,0.4915306582757607,0.3094165733128616,7028
2337,0.5938660887400675,0.35079266581618845,9418
2217,0.5124914436117275,0.31806861985302737,7485
2526,0.4882563305119173,0.30805591450749403,6958
2825,0.6367947695017369,0.3675690036152742,10554
3470,0.8863271510430808,0.460054455906352,19934
1757,0.47335298237527257,0.3018304373248781,6644
3444,0.8803974945318457,0.45793855480004864,19613
3304,0.8614290945701297,0.45114686383655256,18641
2688,0.5710191288308161,0.3417340030065527,8848
3367,0.9071878945329058,0.4674716117072439,21142
2194,0.5799453091070055,0.3452844563053164,9068
2284,0.5630738890162486,0.3385612246399515,8655
2380,0.5062367561078958,0.31549721953022924,7347
2408,0.5042290457814558,0.31466997226531634,7303
3276,0.8260926607050303,0.4383971919309985,17011
2621,0.4985816304014587,0.3123381612849257,7180
2384,0.4510581309234596,0.2924140701964566,6188
2729,0.508601084265493,0.3164702511890289,7399
3470,0.6760387973758262,0.38264873952882306,11676
2176,0.3979239202815501,0.2694207047701034,5164
2482,0.47070552904062163,0.300718867270081,6589
2447,0.5360640577971532,0.3276838092533357,8018
2599,0.5157744461659849,0.31941486835553023,7558
2295,0.39008112659627814,0.26595431137963343,5020
2497,0.4050287830215044,0.2725439457936342,5296
1714,0.25512683819766924,0.20247688826692886,2807
3086,0.793243201765907,0.42642506976721944,15658
1698,0.42846176194860475,0.28273558169979934,5742
3123,0.809969541698456,0.4325359334912599,16330
3256,0.8207624646044794,0.4364626189241871,16782
2880,0.6151453763332738,0.3591469774707161,9970
3115,0.7987093499807592,0.4284255472525514,15874
2123,0.563612466481912,0.33877667254313126,8668
2634,0.6113503722502942,0.357662702161003,9870
2333,0.4914840035702659,0.30939720342354016,7027
2241,0.45165507498212865,0.2926678701966535,6200
3135,0.8058156897136629,0.431021267589691,16160
3338,0.8448656764425595,0.44518675801316615,17851
2073,0.5060545074713991,0.3154221639385488,7343
3441,0.8231945770583964,0.4373457234284613,16886
3600,0.903441133854718,0.4661424488150322,20915
2673,0.618388243386887,0.360413398709485,10056
3143,0.7728885501709688,0.41894556036632824,14882
2365,0.6287039472581527,0.3644304221294466,10333
2382,0.6111218391592876,0.35757324265423795,9864
2868,0.5914247944524171,0.34982918909633376,9356
2709,0.5511833398597786,0.333790401756832,8371
3085,0.7883637922959461,0.42463645234580766,15468
2785,0.7942873600658138,0.42680746805477204,15699
2655,0.7624755399899896,0.4151003553908257,14501
2756,0.7776312693126972,0.420692630013088,15059
2196,0.4507594468206555,0.292287044538165,6182
2766,0.743996349494139,0.4082441215256708,13849
2214,0.5693403100587041,0.3410645893153995,8807
2277,0.5914247944524171,0.34982918909633376,9356
2123,0.4530457500364655,0.2932587713956635,6228
1934,0.4045468840724513,0.27233260860116815,5287
3114,0.8683377603189903,0.45362465436657623,18986
3584,0.8882492401711203,0.4607395943394447,20040
2158,0.49012948891338637,0.308834620220977,6998
3713,0.8925885261130937,0.46228505387213015,20283
3647,0.8582202448961697,0.44999438371729866,18484
2793,0.6509545686604739,0.3730370007825896,10949
3410,0.8305819241213932,0.44002419109883417,17207
2528,0.6522261885119341,0.37352653412435805,10985
2817,0.7680585669923367,0.4171636081669293,14704
3059,0.5961403796671819,0.35168928933014676,9476
2665,0.5388337391302809,0.3288059194290084,8082
3596,0.9004983087210172,0.46509756243403677,20740
2552,0.6375209477761434,0.3678501913594624,10574
1383,0.27976145349179027,0.21470812016841423,3175
2872,0.7196272283828417,0.3991368271293654,13032
2859,0.7326244736467036,0.40400369006532194,13462
2381,0.5065100278323557,0.31560974731923347,7353
2618,0.6270044232539748,0.363769807431417,10287
1995,0.540902643827831,0.3296430968602248,8130
2429,0.5600820137848024,0.3373633716201948,8583
2234,0.49026974828491193,0.30889289539528275,7001
2320,0.45408674610202293,0.2937007592500371,6249
2477,0.4853417322412098,0.3068426159399614,6896
2539,0.6004286339153677,0.35337744562463574,9586
1647,0.39694886964049875,0.26899083007891456,5146
3204,0.7593329923132194,0.4139373473196369,14388
3150,0.7453278508241548,0.4087395539971329,13895
2678,0.5663803819032412,0.33988305630503624,8735
2781,0.6503884006067508,0.372818964284518,10933
1945,0.5288202572666943,0.3247415796701373,7852
2182,0.49073705076082275,0.3090870176609126,7011
2614,0.5694223161204204,0.34109730074242733,8809
2139,0.4226061844071603,0.2802040960517834,5629
2639,0.5443777891245705,0.33104735868494445,8211
2498,0.5894483261378671,0.349048386852406,9306
1393,0.2963728231902051,0.22276835380103496,3432
2925,0.7042453491199206,0.3933481968571851,12539
2846,0.7009336140633223,0.3920977174222498,12435
2301,0.5059177855451604,0.31536585277025725,7340
2609,0.6090225394276936,0.35675105705901167,9809
1931,0.5199760528782528,0.32113439089265733,7652
2433,0.546512891643513,0.3319089239946554,8261
2182,0.45631167584125776,0.29464447004400063,6294
2387,0.469691723603914,0.30029274545056484,6568
2284,0.4012709812847671,0.27089403137881285,5226
2845,0.6635658320146858,0.3778810876455479,11310
2200,0.6753315189726514,0.3823789990302467,11655
3162,0.7560528248014777,0.41272212724232865,14271
3138,0.7422531978627616,0.40759518375009657,13789
2420,0.5857138812973999,0.34757119649239493,9212
2937,0.710329053998946,0.39564145973731873,12732
2292,0.6071839002709044,0.35603034509876386,9761
2331,0.6464078607118917,0.37128462870316875,10821
2566,0.6109694312252294,0.35751357752185897,9860
2163,0.4293380227249803,0.28311355711839575,5759
3263,0.7775247477683591,0.4206534198590223,15055
2487,0.6107788621754331,0.35743896744460296,9855
1651,0.35044389048902047,0.24811195614226664,4319
2731,0.6196275145780773,0.36089690451560164,10089
2868,0.624184736592478,0.3626727444715071,10211
2092,0.4353360772880933,0.28569496557253304,5876
2551,0.6038743861907782,0.35473162568527034,9675
2257,0.5821554370228904,0.34616129324545597,9123
2138,0.4880217880920922,0.3079583527900409,6953
1894,0.35178489881911934,0.24872497736751684,4342
1987,0.42520382789902045,0.2813283356709739,5679
2617,0.6111599345743824,0.35758815575401875,9865
2577,0.5864308832243764,0.34785500615218296,9230
1333,0.24588782201995735,0.19779581579530772,2673
2393,0.5213553632187049,0.321698049853278,7683
2807,0.667038968857285,0.3792109563883859,11411
2089,0.3629258730648372,0.2537915699824507,4535
2506,0.5791395153930796,0.3449645477199311,9048
1943,0.45512602487667836,0.29414173388177134,6270
1786,0.4199455686972834,0.2790505566849929,5578
1660,0.2733685902364411,0.2115672367324964,3078
1640,0.3008184657578297,0.2249018527086457,3502
1897,0.31618753062239524,0.23220519375802018,3748
1828,0.3486318746837918,0.2472825175657437,4288
1715,0.37364758424229455,0.25862449595751164,4724
1822,0.34020431646069166,0.2434079118571935,4145
1850,0.34292775192984,0.24466310621804288,4191
1496,0.2716431258967886,0.2107156275433427,3052
1807,0.3335829019677051,0.24034364084028761,4034
1778,0.4109952851318489,0.27515460783399626,5408
1591,0.34073810263262305,0.24365416126681813,4154
1660,0.31241258772376446,0.23042148927857564,3687
1298,0.26630174563112924,0.20806868651907812,2972
2426,0.4345191785852716,0.28534399018629003,5860
2602,0.6218735447887205,0.36177255484450066,10149
1826,0.349333924446185,0.24760402736544887,4300
2357,0.5151461935337218,0.31915742510089307,7544
2742,0.6412811023010596,0.36930485130098706,10678
2055,0.35300678883964065,0.24928294432425802,4363
2778,0.6793595064926903,0.38391421821700766,11775
1948,0.4791382330171849,0.30425344897650436,6765
2006,0.4901762455584216,0.3088540472546513,6999
1754,0.2811363779888699,0.21538073449573342,3196
1819,0.33021529069527034,0.2387782194745045,3978
1989,0.3273746519853572,0.23745404505888731,3931
2404,0.5916615089282062,0.34992265650318494,9362
1690,0.35201782405687937,0.24883138506264338,4346
2234,0.4836903453262127,0.306154275048475,6861
2454,0.5398690840077118,0.3292249779254732,8106
2049,0.4432964045354633,0.2891053730996111,6033
2443,0.6068384764570456,0.35589488131852776,9752
2105,0.5439926580629733,0.33089185187143,8202
2119,0.5026273151793745,0.31400935330666707,7268
1985,0.42432182384571937,0.280946831423567,5662
1651,0.3490999956235594,0.2474969188902992,4296
2435,0.5737521663700367,0.3428226524598602,8915
3393,0.8524168641789146,0.44790741396073547,18205
2016,0.47002984104386564,0.3004348911854754,6575
3542,0.863592695185077,0.45192335141165024,18748
3575,0.8844975134558192,0.45940194209071683,19834
2910,0.6758031503899068,0.38255887698391244,11669
3301,0.8114231998658323,0.43306554698484656,16390
2402,0.6274482943871236,0.3639423878141664,10299
2566,0.6762743319503847,0.38273855116697975,11683
2455,0.500699728307115,0.3132135693294741,7226
2800,0.5649774046947711,0.33932244359697294,8701
3224,0.823520524531951,0.4374640271179658,16900
2150,0.48274472587739725,0.30575982283288006,6841
1563,0.3774049835794305,0.26030854399535547,4791
2512,0.5374937693198166,0.32826323910942895,8051
2407,0.5361074323803663,0.3277013941545057,8019
1642,0.3026506633528043,0.22577834438892974,3531
2275,0.5225985105983081,0.32220571676361787,7711
1970,0.5471945126087888,0.3321837828692635,8277
2307,0.6032951273569616,0.35450412005053333,9660
1558,0.3104851751436064,0.2295082573641439,3656
2717,0.6120734369610881,0.35794568861243,9889
1446,0.22744260511546022,0.1882807747451039,2412
3211,0.8324854635746574,0.4407134249641966,17291
1623,0.4169586573282038,0.27775305738467587,5521
3183,0.9109672906879394,0.46881103118312434,21376
3252,0.9455706716030414,0.48101422119927095,23824
2877,0.7122040303311665,0.39634722888637575,12792
3067,0.8194685462506024,0.4359925343762477,16727
2277,0.6389341407812568,0.3683971630259847,10613
2416,0.6117691041023434,0.3578265923297582,9881
2526,0.5844769320015822,0.34708135969122283,9181
2383,0.5045488926636699,0.3148018209755504,7310
2118,0.39618945727371885,0.26865581342424943,5132
2846,0.7021464029853152,0.39255582896776925,12473
1968,0.4661061415183347,0.2987835903890989,6494
2808,0.7907348165106411,0.42550592532554055,15560
2851,0.7241442190408565,0.40083072479675447,13180
2668,0.6456223852050604,0.37098157059242504,10799
2733,0.6431511769303431,0.37002748469254065,10730
2145,0.6036813666860775,0.3546558231017921,9670
2256,0.6153722463035765,0.359235632865973,9976
2541,0.561621409378101,0.33797991129715893,8620
2482,0.5210886436994011,0.3215890859733058,7677
2989,0.818760520309584,0.4357352295866759,16697
2577,0.5499555976761747,0.3332962272214449,8342
1338,0.2791712176322304,0.21441906439655592,3166
2639,0.599028803377488,0.35282672626805495,9550
2739,0.6118452030532431,0.3578563740200384,9883
2306,0.4803268824849495,0.30475027556393225,6790
2478,0.55422058125507,0.33501163931665834,8443
1872,0.4609340875421166,0.2966009619445629,6388
1858,0.4613259201346621,0.29676655620765674,6396
1999,0.42234583321307206,0.28009130960286815,5624
1565,0.33286281425859904,0.24000930904362539,4022
2483,0.5994179955076004,0.3529798758054851,9560
3457,0.8189967057806229,0.4358210681522544,16707
2004,0.3610349239031443,0.2529348847875196,4502
3195,0.7524901430294887,0.4114007504312389,14145
3565,0.8395814947009648,0.443279389117234,17609
2570,0.5606649621609945,0.337596900358118,8597
3126,0.7306544974432656,0.40326743437385393,13396
2633,0.6658037607621632,0.3787381986074431,11375
2148,0.4709948866640426,0.3008404428120328,6595
2214,0.4383900853616408,0.2870054511041044,5936
2387,0.42603282885212146,0.2816867082851895,5695
2855,0.6204146789408017,0.36120388756166694,10110
2096,0.48184505626055313,0.30538433883093496,6822
1343,0.23705983472963085,0.19327109120403993,2547
2259,0.5088733067243212,0.3165822036579601,7405
2448,0.5597069558441434,0.3372130891403264,8574
1869,0.36046078193029685,0.2526745116546998,4492
2088,0.48008933366822315,0.3046510132773534,6785
1766,0.40207810339341865,0.2712487834026097,5241
1892,0.43216470274702823,0.2843313549813374,5814
1797,0.3413306609039486,0.24392738948367912,4164
1617,0.29751913088450127,0.2233194024923379,3450
2428,0.5482154832936823,0.33259530926485137,8301
2639,0.6328927854990402,0.36605665867213383,10447
1448,0.2939456250211079,0.22159941097810745,3394
1959,0.4121607035253678,0.2756632662585006,5430
2920,0.7062716590555078,0.3941125746231185,12603
1866,0.31172936555064956,0.23009796542775146,3676
2652,0.628519475979973,0.3643587397027506,10328
1911,0.44856476374419213,0.2913529517980162,6138
1965,0.46634905731731063,0.29888593474492636,6499
1499,0.253414511101734,0.20161337459945564,2782
1644,0.2975827505597163,0.22334996654202896,3451
2715,0.5127168695464056,0.3181611347824849,7490
3139,0.740210319720555,0.4068341774680369,13719
1788,0.34103445241469177,0.24379082559080367,4159
3172,0.7568683678388906,0.4130243882302475,14300
3231,0.8083142478298173,0.4319325739231615,16262
2449,0.5789782212273665,0.34490049799237255,9044
2862,0.6934929793999371,0.38928270025933226,12204
2561,0.6731358964759856,0.38154117372909263,11590
2391,0.5442066504280065,0.33097826060038793,8207
2329,0.5122208229170383,0.3179575422400677,7479
2007,0.3830825707596626,0.2628439687383681,4893
2773,0.6031019074753938,0.3544282195408562,9655
3012,0.6651506223059598,0.3784881280649111,11356
1779,0.4995955402501584,0.31275733693592,7202
2672,0.5807097692265173,0.3455878455499705,9087
2711,0.6343913170326381,0.3666377517649389,10488
2038,0.4051358219135774,0.2725908779677168,5298
2841,0.613137281369045,0.3583618864577912,9917
2241,0.602908620744333,0.3543522863471711,9650
2402,0.5930403767552939,0.3504669095647731,9397
2028,0.38562644197486184,0.26397642587576753,4939
2688,0.6362131109279954,0.36734371590745996,10538
3628,0.6307657114381269,0.36523121530267655,10389
2847,0.7378928394808055,0.40597023867884086,13640
1691,0.4187420177670932,0.27852805858575597,5555
2831,0.7380986986401219,0.40604700893859424,13647
2894,0.748523322091196,0.40992763937453586,14006
2329,0.4838320645148965,0.30621337282341593,6864
2788,0.6841828960103571,0.3857495271008622,11920
1939,0.4781380151346251,0.30383511669366553,6744
1907,0.4919037696488346,0.30957146172054467,7036
2497,0.5499979759035519,0.333313289698779,8343
1719,0.36361208085165053,0.2541021283815608,4547
3212,0.773588965612462,0.41920373855626114,14908
3656,0.7570088112680597,0.41307643192933935,14305
2255,0.43446808737648973,0.2853220329534403,5859
3485,0.7521207750612418,0.41126366478818893,14132
3634,0.790580663846625,0.4254494159223272,15554
2536,0.44976281017432584,0.29186301898820705,6162
3521,0.751836417479355,0.41115811806949015,14122
2722,0.5879018975627055,0.34843698679828483,9267
2683,0.5795828415258878,0.34514056752893174,9059
2273,0.3984108830531657,0.2696352801973634,5173
2907,0.553757565204645,0.3348255829326301,8432
3554,0.8014601734098981,0.42943100643120236,15984
1729,0.3234243924806728,0.2356068801205147,3866
1933,0.40684598922379517,0.2733402334648644,5330
2050,0.39629800054911585,0.2687037089174517,5134
2136,0.40876442580140915,0.2741797709543025,5366
1469,0.24900731200361642,0.19938241322630887,2718
1874,0.35445831256758276,0.24994503102375978,4388
1799,0.4128483537113439,0.2759632045100718,5443
1558,0.33069750355253386,0.23900266588878494,3986
1758,0.3181585359140094,0.2331339642511705,3780
1397,0.27963034102878676,0.21464392678569091,3173
2679,0.5052337197446061,0.3150840462137235,7325
2345,0.4771361926107758,0.30341586923195146,6723
1596,0.33069750355253386,0.23900266588878494,3986
2361,0.5050511736822698,0.315008827134399,7321
2600,0.5433930712809009,0.33064969364498464,8188
2251,0.48420982476235386,0.30637087771950927,6872
2357,0.4928821202959892,0.3099774468483568,7057
2037,0.5157744461659849,0.31941486835553023,7558
2101,0.4987199888673752,0.31239537596198724,7183
2264,0.4471641615790749,0.2907561595218997,6110
1773,0.39559213632305024,0.26839217340571025,5121
2611,0.5335865251196628,0.32667872706827095,7961
2372,0.5836774785971948,0.34676462630605215,9161
1537,0.3196326339896418,0.23382745202933455,3804
2330,0.5317544344662819,0.32593467183534225,7919
2540,0.5927648715303473,0.35035819171465316,9390
1912,0.3901907227318492,0.2660028893619257,5022
2359,0.5563625665768953,0.3358718217365554,8494
2074,0.551732883540373,0.3340115006345625,8384
1745,0.42473703757645376,0.28112645714092993,5670
1965,0.3790244031980734,0.2610328497251368,4820
1721,0.385516051610866,0.2639273284654187,4937
2158,0.5021689121318624,0.3138201826727265,7258
2899,0.7068715130647335,0.39433874849108275,12622
1483,0.3383621987284149,0.24255721075780418,4114
2899,0.7102037812054134,0.3955942883556032,12728
2984,0.7484372824741541,0.409895666257264,14003
2131,0.43635571943220025,0.2861327864611096,5896
2823,0.6841828960103571,0.3857495271008622,11920
1983,0.488631414347132,0.30821190973823603,6966
1926,0.4798041556502185,0.3045318305951715,6779
2312,0.4890062718764323,0.3083677777323861,6974
1759,0.374996094449298,0.25922945805254544,4748
3034,0.7462804369086105,0.4090938614668901,13928
3206,0.7183985085369449,0.3986755856523131,12992
1955,0.42804898393645874,0.2825574535600795,5734
2928,0.6405961459579501,0.3690400336598807,10659
3036,0.7026561088649411,0.3927483020779877,12489
2701,0.5611225877402298,0.3377801791811234,8608
3156,0.7023694679383289,0.3926400662421658,12480
2418,0.6078741041194147,0.3563009593591967,9779
2423,0.5513947630741737,0.33387547106122284,8376
2534,0.47956640770101,0.30443245501900906,6774
2492,0.4598552870521877,0.29614484083249976,6366
3126,0.7742880889089481,0.4194613826103724,14934
3377,0.822844965651957,0.4372188181286277,16871
2300,0.4462119796433433,0.2903501366879617,6091
3250,0.75331290940417,0.41170604797509064,14174
3228,0.8134474925319345,0.4338026735505429,16474
2145,0.45344252278743624,0.293427267485239,6236
3030,0.7243263717666821,0.4008989770490355,13186
2609,0.7196272283828417,0.3991368271293654,13032
2407,0.5328020247587182,0.3263602080674679,7943
2144,0.38501905616985543,0.26370623329384413,4928
2212,0.4236465204812055,0.28065458119450765,5649
2931,0.6404157463554309,0.3689702753555012,10654
3147,0.7976280138651867,0.428030072679378,15831
2018,0.4708019964341828,0.3007594010077804,6591
3209,0.8106002528925011,0.43276575004718243,16356
3384,0.8019828219809263,0.429621944791198,16005
2647,0.5337171759781949,0.3267317609326231,7964
3136,0.8035459551460199,0.4301928193163762,16068
2466,0.6841166903431917,0.38572435820697226,11918
2609,0.6872843973803076,0.38692790333554894,12014
2305,0.4519533351831704,0.2927946447564047,6206
2941,0.6665932711007837,0.3790403981518938,11398
3258,0.7906834397111958,0.4254870918805386,15558
2558,0.5424067281332406,0.3302511768153827,8165
1650,0.34962621220640705,0.24773782669277464,4305
2791,0.5685196137970907,0.34073715199625804,8787
3022,0.6253366481566975,0.36312107815939076,10242
1178,0.16790222245616176,0.1556878879064014,1629
2433,0.5217108074949439,0.32184323712854035,7691
1946,0.4630861500041368,0.2975099699770039,6432
1875,0.40110943336037513,0.27082300199884124,5223
1340,0.19698088257802143,0.172006556707541,2000
1854,0.33286281425859904,0.24000930904362539,4022
2963,0.7067452928434428,0.3942911614366301,12618
2609,0.5623273486308759,0.3382624935776945,8637
1272,0.2666370236607445,0.20823531570699388,2977
2700,0.5829970647347382,0.3464949639561287,9144
2740,0.6025605360762214,0.35421552416773827,9641
1936,0.42644692275658597,0.2818656444259118,5703
2468,0.5622858462916762,0.3382458831324413,8636
1742,0.4746006181788004,0.302353673409837,6670
2510,0.5929223195009217,0.3504203243171978,9394
2042,0.456657070562175,0.29479085422931584,6301
2477,0.4904099759723386,0.30895115279502594,7004
2511,0.5260923130450987,0.32363072897102835,7790
